customer_id,purchase_frequency,avg_purchase_value,customer_age,years_as_customer,last_purchase_days_ago,loyalty_score,lifetime_value
1,7,171.8351029145992,48,5,63,0.36275360039915205,5649.648326688478
2,15,339.7997944575571,32,2,22,0.5466963282963399,3561.403440742129
3,11,233.9303769941434,68,3,70,0.8398203522034884,5654.884849241765
4,8,61.42386004715519,40,4,96,0.1274856801402462,8633.633484519523
5,7,120.26866881478566,41,7,163,0.8002063476835791,7166.570619500025
6,19,372.18750298132886,61,3,79,0.863009046067227,3610.3962536018794
7,11,346.5157738595681,30,9,5,0.1506874870008338,2813.1752894817964
8,11,62.19319662656757,39,8,316,0.851594319304219,3386.876832971462
9,4,149.88747286982726,60,4,120,0.991453567842792,2527.8328125354387
10,8,153.98365846463213,54,1,302,0.7268388310482375,1860.7662642134435
11,3,352.35173461942776,50,1,178,0.784769681824988,4772.225569978495
12,2,58.86974198946387,20,1,176,0.9944152675588734,2019.6964395844093
13,12,96.84886189305823,36,1,217,0.6054812505259454,2547.213019543939
14,6,409.9622384179352,40,8,56,0.3078863820162494,5925.922159055375
15,2,130.34509792445013,46,3,187,0.8375308340760557,2481.3934632961727
16,1,343.7357485333436,47,6,232,0.6144857775116312,1574.9179068781255
17,12,157.18225147102692,56,3,255,0.5811954237209566,3856.4996502509666
18,12,94.74862674170532,61,5,104,0.25363555551403827,2982.8718875977074
19,17,159.42748594975433,64,7,77,0.7563342695828866,5637.746691949391
20,10,375.0201193350466,42,2,230,0.08166727586009626,1921.3037612488838
21,16,435.06341064782856,54,6,258,0.9242870707946612,7765.937089146803
22,15,423.5989390551462,64,6,264,0.32582346077048474,9156.101674916248
23,15,228.73258832830467,25,3,331,0.12777465278999045,7690.916565605749
24,19,350.6383114567908,59,6,182,0.4423665331024188,5795.443336612549
25,12,142.24293293711943,33,5,256,0.042469909256533156,8746.010396099966
26,3,181.91647861745597,25,2,38,0.6846261942649663,7254.265418033568
27,5,453.3511183345039,18,9,176,0.9027055104453562,1094.9601020517086
28,19,55.850865579831215,61,8,27,0.8372630071385088,4546.811374970528
29,7,88.47883888451064,22,3,276,0.12736947344788108,8658.5670946612
30,9,143.5488148157123,20,8,140,0.12627113710773186,4112.729721777423
31,7,61.93949174321887,18,9,299,0.8134344823242641,1316.9365617297115
32,18,131.6459457904088,21,3,287,0.9242542746031159,7715.616746970451
33,4,312.3687024363615,57,3,91,0.46066982983348914,8218.344432545817
34,14,239.64104776662407,52,2,61,0.49897111691376594,2445.3432553897774
35,18,451.7022699846387,49,8,347,0.3182620413857259,5836.064471588631
36,9,417.8496027822984,59,1,163,0.894265118256414,2727.598950961532
37,2,203.81780826404417,51,8,351,0.6449029052923559,7473.10977139732
38,15,166.7405450440816,60,7,143,0.2882515771673685,3443.954096597371
39,7,220.8615836752701,42,7,253,0.2987828710542516,3845.9361030699706
40,12,315.6327241316635,27,3,269,0.8912000730636024,8604.737682760911
41,8,170.6286383702943,38,1,291,0.013634023905821469,5286.901169862139
42,15,330.86700853211033,63,4,187,0.3227265727266384,7027.79006096423
43,3,234.23524348605818,56,9,304,0.554356681216369,4621.357456502209
44,14,298.4212313833911,44,5,291,0.14821746209932463,3682.061714743799
45,17,246.25693811089252,44,1,86,0.0920987541995898,6629.302543821952
46,4,182.50959179386294,19,5,166,0.81527633109056,2393.7181667093914
47,18,476.8039881329705,58,8,114,0.8944043886485072,4356.998520101767
48,8,393.62260737189234,65,8,356,0.8236064207981895,2881.3333364733007
49,4,113.05092909490364,30,5,183,0.8987878897373477,7262.15470246671
50,2,440.8105891540608,26,9,207,0.5531119710583715,9497.879545114969
51,6,269.34403921228113,69,1,256,0.8122581209903419,9959.598712142797
52,10,452.54850210234116,53,4,235,0.3840426383911004,5052.491293974317
53,4,409.93486517629185,39,3,355,0.6662678614790385,3272.7735067280005
54,18,241.34607701115505,59,2,3,0.9888355313891645,4985.464333458917
55,12,60.111188744052825,43,8,208,0.22572772383912743,8625.424689664515
56,2,170.90481172322575,29,7,197,0.3898997462910806,2854.051106968359
57,10,293.73539659739015,34,9,341,0.4800473773100856,9568.860864876313
58,4,335.0651989217663,31,2,125,0.13801548702005173,4076.791919183359
59,14,166.04945844494102,31,4,138,0.08103861046505678,9872.232935052743
60,16,112.71023333277085,51,6,339,0.8297228663216244,8547.47998780566
61,15,425.7186065596846,37,3,25,0.9767943728275862,8277.134807326513
62,8,492.98098131659845,28,8,68,0.40472506382965867,3861.142063959552
63,14,286.56058203620864,33,3,61,0.08764983619465327,1078.9949075313652
64,8,127.25567863173657,68,2,29,0.06581176069057648,4439.19617943389
65,16,172.53829693371603,48,3,19,0.8913182063602987,3716.284326964243
66,13,58.27580444636003,23,6,171,0.46381424972767993,1336.5729136791756
67,18,461.4344629522246,36,2,74,0.3200273165623919,5548.287308553367
68,15,102.9879873005635,54,8,61,0.4764612712393995,4627.28180154463
69,13,309.43241398141413,21,1,153,0.31830409469234733,6711.008209673722
70,9,173.3248493092427,64,7,276,0.48903577530762,6590.676899746749
71,15,299.38010113210703,21,2,48,0.8595563969179368,2086.7197230701213
72,13,343.1391747583389,37,6,211,0.5923013710620957,9792.689915139603
73,1,423.38381166824075,27,2,343,0.6946537728101754,2682.382864973022
74,7,142.88957229227145,41,2,139,0.3646706762343366,5007.466222882342
75,9,54.948122896316214,52,8,110,0.7385058785105187,5393.057890903614
76,1,111.59853353096327,43,2,183,0.6666170848793723,8317.56517492708
77,12,455.00838883164727,54,7,28,0.11956199775205645,1893.066364851821
78,8,443.25053490313184,55,3,197,0.5726428531155846,4857.798512876786
79,11,318.8358959766387,38,8,191,0.256743496309758,6656.519532125835
80,19,320.232587195144,57,7,315,0.8040956696335928,2936.4005946165
81,17,349.26650354581494,56,8,51,0.42593770846693946,6647.211088894655
82,8,128.91707538055232,38,7,149,0.9946841651964872,9312.983537946873
83,3,461.4853756662319,27,6,268,0.09250043793896379,9977.663180554075
84,3,238.4467362014329,55,7,50,0.7803478627401585,1292.0596911160815
85,1,222.41233771227385,63,5,246,0.6737017335421565,3120.2940542020974
86,5,283.5129673772769,21,7,113,0.7674988305907054,3792.7640421252772
87,10,71.13468504877477,62,1,170,0.30752979549045634,4592.134904004695
88,7,124.82751594023573,37,1,166,0.4920544893824006,3180.3144182629067
89,9,382.1151273918667,34,9,14,0.7965085197237084,2831.3919509978127
90,7,87.25940056630691,24,5,203,0.232541331620855,9590.9845817575
91,9,321.4184492598747,21,5,288,0.22603319678865208,9266.694424934662
92,8,160.40709935659441,46,3,189,0.5510509532949324,1422.9325090280572
93,12,225.18302631888943,31,5,155,0.5235635795298558,4049.3171944436335
94,2,179.91218154681494,20,3,55,0.28226247041293284,4646.33698310566
95,1,210.0527224092271,41,9,182,0.29807565052482277,3151.13081199349
96,16,373.57065733291046,54,9,210,0.2778451632065655,6659.85607289358
97,5,183.70477203042876,33,6,75,0.7715120619984877,6763.42671979817
98,3,304.8820881336037,69,1,277,0.6519008655624606,8654.538054957375
99,12,264.22268098959483,21,7,133,0.8324171834102527,7667.823415466961
100,8,348.65202441319167,41,7,343,0.9754730283140218,5883.159942693601
101,3,471.5733826961411,51,4,59,0.4741642962719864,6882.280930399779
102,1,379.65744374461264,47,8,345,0.06669388140544885,3465.8990338871627
103,3,146.72317036584053,35,6,182,0.04809231041203543,6337.505709706219
104,5,64.03241077757811,36,4,339,0.29566503927161913,5403.045292749273
105,15,168.01881993492128,48,4,321,0.9325445893524509,2200.1002058473337
106,14,317.7850688151147,36,2,64,0.5232130549708749,3182.8984892467365
107,3,73.14161606791265,66,2,327,0.27178651608012916,3625.2410564942743
108,1,273.3648112405564,63,4,260,0.39916679451101955,9318.786103473021
109,5,318.5792820126001,36,5,193,0.5985951074046708,3073.479754473005
110,14,200.40975086763237,39,8,143,0.6529496581378422,3603.1951253770135
111,7,396.9104916856199,41,6,104,0.15391950978290503,4324.187170804891
112,9,97.96921391019731,62,4,214,0.977031676545176,6973.684647628484
113,15,83.81200178111393,29,7,242,0.5447722269827888,2064.1455322492648
114,15,377.6849402916215,47,8,209,0.1356883177922793,9585.506912443985
115,10,272.9710922927893,55,2,93,0.8936352533461337,8790.14098085288
116,13,359.7810783924812,48,7,142,0.0746384310794288,6194.944657080551
117,19,245.67230237168582,53,2,112,0.9077354331775127,7066.340806824611
118,7,160.88091495759807,36,2,59,0.9965656562889824,1149.944241197944
119,17,418.5960429533899,65,8,43,0.7004317991565039,4050.502978136038
120,4,409.73714553604066,62,2,207,0.7704472210739898,8160.942075952978
121,5,362.61341188449205,53,9,268,0.3373028364674864,1697.346764131473
122,7,172.4653117534832,47,1,296,0.9415768527339338,3540.824507896482
123,13,315.60380009108917,66,9,118,0.5297139661083676,6267.671455008802
124,15,212.43825362301206,50,1,20,0.7323884465975549,3307.7172492904765
125,11,91.21193299698537,35,2,222,0.9241077159112795,9405.801767300673
126,4,462.79110895800926,69,6,166,0.9751799759755083,2179.5276772386133
127,13,111.56838391353263,66,6,131,0.8332043565966744,8176.5492211700075
128,7,477.6068092193611,45,1,156,0.30301750698203,5571.538227157675
129,19,250.70259783108008,64,7,184,0.9665475165520824,7752.976982379604
130,2,133.30981797737883,28,8,90,0.6281195312435718,3796.437954803027
131,10,293.85542632026113,62,2,94,0.9306424763519598,5630.406420808349
132,13,442.8256261443837,50,8,13,0.6761050258143518,8711.518147508586
133,6,379.50119888430254,34,9,322,0.3072389618477205,5201.90289210794
134,12,412.9525165376524,23,6,293,0.37002452414281595,4237.478757192426
135,12,346.4525150198228,21,5,230,0.5504717771029405,5825.398476274625
136,11,361.52445403303363,37,9,322,0.790014841559882,7456.264777327302
137,7,432.1380432043937,65,9,292,0.31798255134033493,4992.070109486524
138,1,162.35060398663367,64,1,26,0.5797311661341921,9449.892776280456
139,1,270.2412336394132,44,3,75,0.34562499357640153,3654.5124163810783
140,13,149.54424881882102,32,9,364,0.8157694046351072,5279.1724555220835
141,9,494.45060359849117,23,2,299,0.46672809376795044,7812.348934072973
142,3,474.826702858976,64,4,150,0.07672282685288523,7202.089814461824
143,7,67.74206511582766,31,4,148,0.16605252148153637,8772.769471754405
144,6,367.5088276320598,28,2,8,0.06110466761963229,9971.28262612998
145,8,466.36174283704963,56,3,29,0.49930294601432523,4841.724959155807
146,9,131.2589053073001,26,3,296,0.10633729734822717,2000.3579180498066
147,5,305.57535374868326,43,1,209,0.1141399693096321,1273.7429272717118
148,1,461.9697339146188,33,6,128,0.941048260038377,7541.892155257945
149,19,65.27569036360948,22,8,340,0.8726550721760554,8866.12304177844
150,10,363.83912026107794,69,3,116,0.452086596811366,2986.4132734997684
151,12,183.80705331764784,27,5,144,0.9858053208502058,2426.0323347091535
152,15,465.9782879194387,67,1,318,0.0001865281706631139,1559.8458237312188
153,9,486.9762103244155,20,7,235,0.6139794562733938,8404.326295454857
154,17,474.91992010104525,30,1,7,0.6164281773718701,3802.437459033259
155,17,263.3963974958587,60,9,45,0.4574430558698882,4615.272034837988
156,12,437.91919294519107,66,8,239,0.39694797293429285,5524.751724486511
157,7,430.04722934078166,47,7,155,0.4553831354806076,8555.079107885957
158,2,193.59521295946504,62,7,181,0.4149604360796805,6857.498994053364
159,3,423.0119633678048,23,5,215,0.7304924774822994,6535.581668720301
160,17,66.65343562197168,34,5,88,0.13535543497328406,2581.0488996031963
161,5,318.32144531692387,62,5,256,0.19763922059113015,5618.709025388468
162,17,153.50397677946637,68,1,73,0.1805182283924236,7438.429154607897
163,17,104.25509859977547,36,8,179,0.26247058512126453,9759.347947274426
164,17,84.62894073314412,59,1,212,0.5252584187815833,2812.6567829201704
165,2,363.3299491451629,52,4,293,0.11120874733821873,1085.8901776050398
166,2,202.94373369562976,63,9,234,0.8681692953265041,1677.7129023862276
167,5,376.1450471879427,43,9,239,0.2973615313084723,4382.672186637813
168,1,79.41035335952407,68,5,223,0.16253798746870785,8384.901829713883
169,1,191.88065202377464,22,4,119,0.6756213095982433,1064.2787359142053
170,19,292.77108156890176,46,3,313,0.03808630059931928,5110.575335972562
171,2,405.8254241775336,54,3,264,0.6199685648741642,3963.075538072551
172,12,193.43862631943145,37,5,207,0.6981984306764998,1472.3353908975482
173,6,331.6511193966541,66,1,95,0.21491653138671918,5052.126580053556
174,4,448.68998670628423,38,5,222,0.04196407344363429,3292.7383660304695
175,11,327.13843468203703,27,6,276,0.3636453589194496,4166.9635091230575
176,17,154.8317636391352,22,7,231,0.09859423024193648,7350.537743058637
177,6,60.98035170044211,53,9,309,0.11647784967333707,5693.9588551987035
178,5,441.54449325541844,23,3,119,0.25426123144486457,2121.82686093532
179,2,59.57123488267421,43,2,268,0.2954679246267593,9652.73086381275
180,6,443.6157527078897,21,3,273,0.5299703410214206,6723.196891387645
181,11,288.02171031224543,56,9,64,0.6783918855030131,7892.815830962784
182,16,472.5804643308033,56,7,298,0.5927709408701848,1712.9183500753375
183,16,409.4524560981494,67,9,350,0.1483603372895168,1423.52541514017
184,1,499.07034974000186,52,2,11,0.17208603245262644,1175.0324533127305
185,9,207.82031695326958,18,5,98,0.8787692497929145,2699.1462499609997
186,6,395.2347300190071,41,4,71,0.5583523150641136,4729.675579466457
187,16,230.86891112415898,53,2,364,0.869937832897689,9422.435200625405
188,3,265.944029136759,23,9,58,0.3715465113198744,5113.536933391987
189,4,332.37745844826657,58,9,290,0.6144000074313238,3612.2959483527648
190,19,443.15470138385245,63,6,251,0.5236634160546108,6057.41728167697
191,3,492.8375611396828,61,6,276,0.31912348982046257,2007.4112032131031
192,19,395.7230362390332,48,8,50,0.46991537203359535,6485.553019044849
193,7,237.99505197530019,37,6,358,0.502490876826932,6115.8875889745295
194,9,239.61065102468157,41,1,216,0.2007709747566786,8127.937300651387
195,1,381.9120357150012,42,4,52,0.3150103723767316,9880.188504553216
196,8,157.44971559573605,53,7,271,0.7914097505069756,3257.861245444995
197,7,99.7133509091276,38,2,84,0.9157882394541271,5586.908057233846
198,18,209.57997093834945,47,9,293,0.35979409354529945,9179.788656871031
199,8,179.25754624433677,41,8,126,0.3069722822090182,8066.708959805572
200,1,183.33865420519555,61,8,296,0.19519716457188252,5386.656727907268
201,11,155.1234879724595,59,7,72,0.6784911686505812,9508.344846533
202,18,68.94193533636285,47,4,296,0.3230997016663373,1515.1302416512845
203,10,58.04327063003622,39,2,236,0.9877495390991885,9378.987577413256
204,3,494.4750753812142,45,3,56,0.3256848020639532,1454.566531445259
205,7,242.49791018113805,24,6,360,0.39413604678262815,5925.7426970321585
206,16,222.94699122185676,52,5,110,0.6033341962120348,9013.96853200977
207,16,355.84127721188145,45,8,192,0.801684293191305,3364.488492051725
208,17,148.21424953927888,31,6,93,0.4695186653456337,5250.236490506427
209,2,477.4825327776014,27,6,350,0.42265603378895833,3918.9599122326995
210,1,403.8552564869984,33,1,56,0.9956378335948083,9569.295253687162
211,16,90.23495104051679,33,4,60,0.010493641139944443,8412.810352777818
212,12,237.91134910321776,48,5,138,0.8950652888512458,7381.013601937416
213,5,445.6032384029741,59,3,39,0.14914082593973743,6288.642879535978
214,5,475.1294100311346,42,9,28,0.7859252762089134,8385.326103917334
215,9,260.3306800624414,30,1,49,0.617931559846298,4530.403373711924
216,9,326.0351251448185,23,6,125,0.34184728549809207,5027.9666959545575
217,3,125.16527574143385,61,6,13,0.8738749555210183,7570.015489727753
218,19,496.0258817616394,26,5,36,0.012907227980991975,4219.792869643428
219,16,154.25226562254954,62,5,101,0.22669065207492367,1575.1084784353643
220,16,474.2292983608065,53,5,282,0.566892796249536,1669.0114799746432
221,3,342.3409920465658,60,6,86,0.351542260049698,2038.2652117513348
222,1,323.48155769548663,37,8,4,0.6103774953183276,8827.131910092965
223,11,280.70982995742884,35,2,223,0.024110193408666825,5250.037831805839
224,17,153.8014152729914,60,6,338,0.11645893048171252,7415.941324102629
225,8,129.43761440247872,38,1,166,0.12709624021843924,4536.18402044404
226,4,149.2187940815789,21,4,344,0.18928364591600944,3328.3985267407106
227,6,133.89721796491455,67,3,278,0.4593314408005428,4124.729508059907
228,8,400.813013105039,50,9,130,0.7521286995435712,8147.641107854653
229,3,207.55636662502855,44,3,31,0.9055388379289011,6626.945125282944
230,16,76.02920445352837,24,6,11,0.8353725302842461,9438.758019621118
231,3,486.0961835633651,23,1,302,0.19688787177568357,7117.343007191505
232,18,447.70364823354157,32,6,96,0.4411505522306324,6131.634685792245
233,14,467.48852743784585,35,4,190,0.199411597758535,6491.76408087251
234,18,497.70852019089585,49,8,192,0.2644718166671908,9481.342955215732
235,2,128.25286214876928,28,9,266,0.5035469815118861,8093.808368800354
236,3,228.30890850619645,37,4,128,0.06810902472352254,1216.3711362979404
237,16,391.2073140668411,41,6,238,0.2181743295932732,5807.257265221275
238,9,363.2092781242065,32,1,355,0.9353781613071173,7195.045703919083
239,4,119.25315785293478,65,4,112,0.466116292658489,7738.286305952395
240,1,417.124906245778,24,7,316,0.4453865259778722,2918.27907382543
241,4,150.9982573264973,38,1,343,0.014567154751278899,8804.59619006217
242,1,150.7179266701804,59,8,145,0.24739974705834578,9602.588324576473
243,14,291.6384903020361,43,6,65,0.8662924359821813,3130.437752603828
244,16,316.8229706787664,61,5,247,0.16462842825866875,8943.539117655211
245,8,311.038793527015,31,9,223,0.41512493953472107,1872.8088626448584
246,7,91.16907682898969,54,2,313,0.014330905867001253,1501.3615250372068
247,3,444.85738818367116,38,5,106,0.47833548167055584,2163.0142009247443
248,17,169.52001916491773,35,6,181,0.021021106726217154,1519.669715203324
249,1,108.28171457726188,22,7,184,0.8196095530657999,8605.110134401983
250,16,449.93663594103975,20,5,226,0.8248537674871036,1531.4513001244475
251,12,480.043174203389,40,9,265,0.7877421883023699,3444.9777222728994
252,19,437.9574277694528,43,1,278,0.2833640688911182,1933.8070918227074
253,14,414.28223362619514,54,7,89,0.8372372182218181,3658.7983268238845
254,6,344.8588912875598,41,7,176,0.5429981326052693,1815.0352084082842
255,6,297.8858167741127,66,4,18,0.37380810886700244,7012.029256687127
256,13,89.14404196013456,36,9,106,0.625329959704233,2199.9413470831764
257,19,233.80394588181443,68,5,271,0.012341046060374006,8666.61333254999
258,8,217.70983265554128,42,4,319,0.14296087760075216,8354.71945653977
259,2,166.8892026921468,38,7,167,0.7422935381702628,1122.9551692354848
260,1,375.5390511598632,29,4,13,0.244161608716153,9061.53719963603
261,15,273.1440807854469,58,3,337,0.5980091173287496,1260.4988506903035
262,1,86.47079715844157,50,9,32,0.38510260282302966,3156.8120646180096
263,5,149.08244087741508,67,8,40,0.8548057787992615,1291.5022399839554
264,16,357.46644364681816,21,1,148,0.9524153059966436,4022.591383353844
265,19,84.25888677063509,59,7,218,0.8835647283701904,5624.798731419444
266,4,433.0431113219459,24,9,219,0.27061999469359665,8169.803821136243
267,3,272.81593715628844,39,8,82,0.19416286904608226,4041.8339542285253
268,17,266.26395979699157,50,8,333,0.474434893620735,7349.410222058051
269,17,316.5835030967829,34,6,208,0.007334150836180275,2687.5401140708227
270,12,421.1064346663171,41,4,201,0.025809392863181735,7755.386110697137
271,14,206.51414355598686,51,8,332,0.5532906396230001,3123.969453183138
272,6,355.1072686515786,45,3,38,0.520449404165286,2291.902803493911
273,3,304.57938379810594,60,9,211,0.99458198903526,2668.6796533664888
274,9,170.1627215762396,58,2,327,0.2018418353637581,2638.5681599366985
275,5,445.3834938598211,56,2,249,0.2581039291604684,5615.76591439292
276,17,408.8417097231177,39,7,227,0.11354064232628669,8603.178230693315
277,14,346.3033255962915,66,4,48,0.9175430096537447,1716.4456929325506
278,3,432.76177809240886,34,8,18,0.7778112444584507,7362.606866440804
279,1,440.28239043191104,51,9,295,0.8223391114568475,6889.118136875719
280,1,368.76333952176566,23,7,196,0.9027637879645087,8852.679566464261
281,3,426.6559977636524,63,5,187,0.5248999867258383,3197.328044562165
282,18,363.8621577511776,23,8,345,0.4511931914507237,5050.988728165266
283,10,356.0633472921352,51,4,224,0.3303914736656165,9332.446369991656
284,3,328.37512019683294,18,2,318,0.5892146143478555,6939.941051217855
285,8,388.72248780093855,27,6,337,0.4542783967898225,4498.915715754372
286,14,121.37229738188317,38,9,229,0.4515655866055751,2182.711445697416
287,18,446.3918416395178,22,1,77,0.9369278637311389,3362.365071105319
288,15,442.3295874853544,19,7,188,0.9840315142791302,6230.9392974044495
289,2,63.16127736555161,39,9,346,0.7964843893295808,7463.511528044623
290,10,421.6175377541432,65,9,270,0.7567580902469283,2119.796981667041
291,2,107.99144036305034,19,3,95,0.6805581617791014,6396.375340396486
292,17,200.80348441661386,27,5,310,0.1660748523335137,5953.161509548759
293,8,384.5787153312235,51,8,132,0.059105820875654524,5625.599020216372
294,1,122.34195322173869,33,8,39,0.6907263151132631,7211.108059138071
295,9,418.085160853578,65,4,72,0.728786222256576,8537.046355751158
296,11,424.46038008098384,68,1,281,0.046972991098139794,3906.9071485918153
297,16,278.36048019237626,56,1,333,0.9280517502288481,9001.109710998635
298,7,52.87364227257511,39,4,160,0.09114063944467754,2445.7025135669564
299,10,179.16715992871076,29,6,187,0.2859005337712024,2557.2148277604792
300,3,327.617113269084,41,8,191,0.6723898127987045,3400.9485726153152
301,18,491.53378011234054,64,6,120,0.16987259440447633,2075.7778259237
302,13,334.31608715750076,57,9,220,0.05541588844224443,3072.873022145898
303,7,166.91161147887192,55,9,53,0.3311464891641498,1957.7058661256015
304,4,335.30256639482513,27,2,222,0.7659715748551791,8395.771752868513
305,13,292.99342087213495,52,1,131,0.41367867898526034,2250.7209269796213
306,1,400.9304278180146,68,2,237,0.6529729219079393,7725.678018038711
307,8,98.14128747213128,66,5,246,0.5796190972281366,1431.2248112200036
308,14,392.4625561259126,49,4,226,0.02221848202558041,9536.682947625237
309,16,293.5699604042496,24,4,208,0.9885399870457067,7400.440787749895
310,14,483.3464017365476,38,9,96,0.041428088819387754,1061.168937275006
311,12,203.84247471740875,37,8,200,0.967802737648485,7874.708501801926
312,19,334.6798519102767,43,6,247,0.5498641783643982,5626.737286895668
313,15,469.4126474795079,21,1,72,0.9631590270650665,8014.286533016078
314,2,96.12937759580566,63,2,318,0.11475359941383545,5702.4712800152965
315,2,471.75281925640303,69,6,185,0.4904085191855132,6769.223718718192
316,19,359.548575035366,39,2,6,0.16950409186605864,8076.984898555364
317,17,80.52667659732735,32,5,206,0.05097487702244241,4645.97249129071
318,10,185.4336051260673,57,5,32,0.6175291150623116,1024.3733483840688
319,6,368.6774398903767,38,6,99,0.20778342096169145,8649.518463506696
320,15,80.30777066094726,32,6,256,0.587697018287546,4428.013263621963
321,11,311.976707079323,39,6,187,0.11236448194898563,5464.384534149248
322,5,205.64737562883053,69,2,76,0.33198647143270277,1069.8997793857184
323,1,329.4119829953647,45,3,177,0.7816325580532472,5428.828093150882
324,8,70.58391521563078,31,6,315,0.43705152184218765,9878.386614145566
325,12,442.1915627685693,44,8,287,0.6277454148973364,3504.408947368927
326,12,488.0700361298286,58,1,349,0.647457940745546,4558.764432181402
327,5,485.99503487856117,57,1,255,0.8437550439872936,7184.70996821809
328,7,387.3433242843161,45,2,325,0.3249227944066413,8333.143007712928
329,4,108.53880805878438,43,6,190,0.6872955625825176,4756.524616054903
330,6,391.2184381680602,66,9,308,0.9616158070461657,3787.0198336116327
331,13,61.06411240646068,19,4,345,0.730243334357868,9440.432199865603
332,15,59.95559818804877,42,3,127,0.48987047671774453,7094.304700045023
333,3,195.62459861729357,20,8,287,0.6307174444919292,2071.19174043827
334,8,269.8894356820996,25,9,254,0.7396828977631081,1620.3509032118377
335,16,396.68333801350695,61,5,213,0.6122757656938724,5351.948657113321
336,13,357.48291947292734,50,9,250,0.016675813489839153,2980.810594425452
337,18,250.65621786953676,59,2,84,0.19477349768722585,3285.8627803862814
338,10,173.13199982674965,69,3,13,0.810468217215466,8899.229609450635
339,19,498.70602507097004,52,7,45,0.2726506473124847,1806.0942188467961
340,17,241.78158600618784,23,7,127,0.7315621195611339,7438.2770370600065
341,19,253.12416094835396,56,6,114,0.3721202152416987,3440.2802804252924
342,5,123.63071953625114,69,6,276,0.5218843281579432,7842.953992637239
343,9,407.66429693746824,40,2,205,0.0679732998194037,7501.702460171901
344,12,362.1570016016699,42,6,337,0.18122556104970955,1066.5271129986372
345,1,149.34632575494217,67,4,273,0.9571969635192346,5582.218716294392
346,1,87.07147052712921,60,3,58,0.890138053446914,2253.8753414024172
347,15,356.2246859336209,36,2,328,0.6522751108990502,8796.043275208092
348,2,344.53004642651086,22,1,219,0.4596445973857374,8844.272945761659
349,16,172.9667871491942,68,5,109,0.6757612928952238,4765.112267443823
350,8,477.88860301268465,28,2,279,0.618610289093939,4999.560566059725
351,13,117.9760513014051,29,2,174,0.5685522556046121,3729.546454640744
352,1,244.55066046917085,27,7,328,0.05917707186354182,7449.45669064028
353,16,474.6271640754195,25,8,264,0.6328026106615069,4227.952267238132
354,7,238.87729261675503,41,8,315,0.7689200445711684,3410.132270703704
355,5,337.3366764488385,45,4,111,0.9940816546455755,4890.079535540574
356,3,228.91747908325743,58,1,187,0.011078552594309676,1823.3876654871285
357,12,173.3968410569015,53,7,269,0.7301734533106766,7719.428841797834
358,16,492.7899415819227,54,1,229,0.5717893159359805,1113.3676114460827
359,19,234.20030284176937,38,4,156,0.4340521760809567,6800.365553685346
360,5,452.3446416556105,25,8,189,0.12757017457137088,2645.7807407938517
361,14,153.47957265098879,26,2,272,0.4090851486348762,3091.636415929718
362,5,145.8971168112875,64,6,2,0.3543771829861353,6720.68798776036
363,15,64.01033729803011,32,6,246,0.3028298889787422,9936.491192046164
364,17,343.2500714191483,65,9,210,0.7308796233222077,7999.457401652956
365,14,215.8368546756925,63,5,286,0.7007255212842638,3032.5566900105277
366,5,438.9612124278367,57,4,359,0.5890200909809116,2584.222795370204
367,12,262.9444580112007,35,5,13,0.9386648132933723,8796.095832409033
368,16,485.68704256162476,59,5,96,0.34985438418085446,4997.655531293538
369,16,133.4864820664045,37,8,221,0.24380193771017955,2233.475225453399
370,7,440.88042558002485,23,8,238,0.6559033130983996,8759.902809897443
371,4,399.4685837562838,29,2,94,0.19881406093740295,8344.831176228352
372,1,396.9148300898234,19,7,338,0.3150105071834246,9855.157275074473
373,5,430.15245265259944,24,8,269,0.22460244007488483,9187.693180414155
374,10,392.4607959243495,33,6,171,0.06915356771850123,8666.113047944875
375,5,331.7991447341369,20,5,94,0.8274987416356734,1473.1695802990284
376,4,109.0601949570744,62,9,149,0.2545405429216612,1939.7383254830622
377,2,64.63678077106336,20,3,112,0.4730275033430207,6120.848748737105
378,10,464.3815315170591,44,4,55,0.04331527325431195,5783.313216536388
379,19,327.4926415343321,67,9,337,0.6993394662526431,5121.668930405819
380,1,408.44178093927934,60,6,116,0.3305610023062908,4571.103928731258
381,5,266.6850581806475,57,8,143,0.74473672782921,4880.89436377896
382,13,102.78868503307751,55,7,201,0.4124030604678661,6123.681407213157
383,4,106.33360649114769,50,2,180,0.19575560640562462,1018.6886584007309
384,16,358.5043792530371,45,3,202,0.5131750822820359,3346.3789671956697
385,16,243.6376527047582,18,1,364,0.1305045596374398,5664.5174861984
386,2,140.2361270151515,25,9,53,0.44053915987299475,7499.944888062816
387,17,271.2175460336466,54,7,180,0.31730547742048654,2567.410231558567
388,12,78.89402168381034,49,1,313,0.9119595841996332,5921.930564086897
389,18,311.8871308614795,65,3,308,0.06092872172071995,7430.137154972035
390,3,171.04703199579396,60,4,137,0.694017414105742,5001.648921225142
391,1,408.9015952867347,54,4,182,0.1827511659874359,1243.7302030304595
392,1,189.6628815156082,21,5,1,0.31904507433223983,5043.413426190731
393,19,254.84906708681055,47,3,44,0.41551406306206595,3668.003989697378
394,11,55.22924295864529,23,3,227,0.9080150893749742,9366.846469311955
395,5,82.6010995075515,63,1,331,0.24257826607382516,2121.5204711049464
396,12,226.62210038300816,36,7,98,0.09130880254467022,6872.283599565089
397,3,265.9724756227056,49,1,208,0.3186896039905236,1474.4778970105103
398,1,320.00924665368666,26,2,265,0.10467597053553335,5015.533940314268
399,1,181.24816041918646,29,4,288,0.1285964859605525,5985.815384980726
400,8,362.74184875694414,28,4,271,0.5738505979750267,3681.594381851789
401,10,437.05507873514205,63,5,140,0.06090193309949332,5095.68071968346
402,11,400.9329450020074,33,2,237,0.030930881393566034,2471.9841507716865
403,12,67.82847140676071,18,4,72,0.7144141014704978,3737.1146452123253
404,13,266.228126266023,62,1,155,0.3616470948410445,6589.956924191827
405,12,97.21858028817869,38,2,190,0.12537534923387328,3716.200502750396
406,14,158.92025713813734,47,1,268,0.25361277085970824,9097.687705679844
407,2,493.9981669702159,30,4,321,0.642086507352399,6655.662618768908
408,19,114.12299430568095,51,4,107,0.2755365671408512,4947.841165923861
409,18,274.4996690531102,21,7,232,0.4945211251204079,1348.8124199876422
410,3,328.1700804431536,45,9,42,0.12169530672667228,5495.9350168420415
411,17,366.1092367448468,55,9,190,0.588093637605447,7882.986179125803
412,8,301.84190756911136,48,5,139,0.31607768384326407,3390.0183821117225
413,10,54.396881338632646,44,1,103,0.6269684345287165,8260.962126838906
414,2,196.90758870979636,22,1,171,0.8083948823040229,3266.2608944579333
415,19,282.97023952312014,42,6,351,0.6116464193899924,8413.717491557203
416,9,89.53992461517501,20,2,273,0.29574756259502066,1767.4150745050965
417,7,207.78211904413135,50,8,221,0.2557437015483004,8795.653379821266
418,4,64.94139895611495,21,9,213,0.327420958733448,5492.678058399974
419,18,85.36032371975934,42,4,341,0.16462051323650484,3668.838306582358
420,13,228.61547429071823,37,5,56,0.18117185085002008,3386.019253736339
421,11,109.72208931937716,51,8,342,0.7906911019001679,4888.095030373264
422,4,305.3933817177012,43,3,102,0.38473257650744497,9991.445482932804
423,4,360.2592361117696,22,5,192,0.43599518057058584,2982.946540938243
424,10,410.2640145990873,52,3,310,0.5940494655668112,1928.9498399109966
425,5,140.06760991016455,45,3,200,0.5896534951515476,6265.316518467957
426,9,125.36716201658139,46,3,233,0.06737687152192573,5396.882197962314
427,3,97.05552815048011,26,7,227,0.8315407863376656,5717.766439569767
428,17,336.3936122946365,69,7,139,0.17732655322393942,7002.418758014954
429,3,367.9140769191055,55,7,344,0.7230716360496688,3404.296628835844
430,16,64.21376517153891,67,8,305,0.7726709881281666,9195.984958454996
431,4,471.2955108096604,23,5,149,0.7148995340913137,4921.048595100614
432,18,73.38707764316258,36,5,115,0.5789776465541452,2161.775756282156
433,17,293.5833508854817,61,4,63,0.01460899710888286,7680.6888106054985
434,7,369.0772337529124,28,7,104,0.3603754923631707,6787.939173560652
435,5,441.93610568573854,19,4,339,0.6048394293625812,3841.6906223563337
436,12,371.3391194595925,64,2,359,0.3874512959225387,6593.668516306437
437,17,410.7776373814063,61,4,156,0.8634798949128131,2978.757607320792
438,13,202.75258664426272,61,8,273,0.30880227534961535,5003.554234064766
439,3,416.67130118593053,26,9,6,0.29353479245866043,9094.712699505926
440,9,86.0516808731038,38,3,147,0.26599769309265797,2201.8080984467447
441,17,452.66749522723745,41,7,184,0.3327808689607955,4480.268049887158
442,17,296.4165692691813,51,9,28,0.5574049643141872,8390.281822483124
443,16,417.78399648312217,39,4,38,0.7070152942725908,9725.418094655604
444,13,253.54322803323507,20,3,119,0.6625679177387851,5085.335227796163
445,19,339.6099628384362,29,5,293,0.8077178199814796,5562.996581290126
446,17,286.88119742125093,45,1,244,0.8859139954974249,6149.547656053927
447,4,379.21528478989933,47,3,68,0.8160790423433513,9391.133274703398
448,12,86.7334919137653,43,8,214,0.018945403374354575,8723.86111879327
449,9,77.15843779575371,65,8,218,0.7359179535519887,2535.410121594799
450,19,161.19645530456592,38,4,177,0.2083995736183316,4930.820360623675
451,12,121.79510605093475,45,2,299,0.13292804270798264,5176.0038537678365
452,9,442.3026049664908,43,8,164,0.6384887847991355,8101.86500483881
453,7,148.64629431111996,50,8,58,0.3197431954076949,6426.035943448917
454,14,489.1393651186091,38,4,269,0.05711716337044326,6887.984158261117
455,19,201.60310629699808,52,3,308,0.13762973439836135,9983.79916899056
456,15,131.95306205991466,69,2,58,0.0009294168699610639,1674.6403912301175
457,16,405.36432821411563,51,9,288,0.9032236273447073,3007.088411803597
458,5,346.41849897539424,58,1,105,0.02461798384123859,4671.063436343922
459,3,274.18807240391254,68,7,228,0.20945576950951106,4130.041627439985
460,12,299.91359792193407,64,5,247,0.41626278068790734,1194.8100521228523
461,4,373.64080022251875,35,8,188,0.3565713259508191,1825.9984582405825
462,16,152.8046335990844,28,4,83,0.9117258769127757,7128.579622632185
463,7,498.35026222553387,40,7,186,0.040288945734542114,8913.920170263045
464,13,488.65692296605243,65,5,252,0.5122147076770516,5628.043101393799
465,10,342.6465588561216,39,5,355,0.680479462524374,5852.719715622697
466,7,139.7941029181153,34,9,238,0.9316979736811688,3295.8408954914144
467,14,356.1027090940811,22,9,360,0.620371252123721,7910.887272703402
468,5,82.48928404062913,61,9,184,0.8037552360117627,7766.151286305307
469,3,63.79362599261273,28,6,284,0.0837249378453484,6295.29120295891
470,11,165.95729983004617,47,6,210,0.38593951093692735,2913.9785786020857
471,11,258.1803305326923,32,5,304,0.37394713447906747,1873.1639641338052
472,18,440.7226274337712,44,9,296,0.8862882164557176,1578.1471827141331
473,15,377.2260813948386,52,8,97,0.15137117126327493,6334.2645997859
474,12,384.21793453999146,50,7,208,0.15188617233663027,8425.3178722852
475,9,241.47200050163391,37,7,137,0.32855814988579846,8724.973886028323
476,10,205.67074664613332,33,6,184,0.05446604736683758,5172.598669091049
477,12,216.9674433430712,51,5,76,0.18245804065249005,8058.441693760452
478,17,494.442303681226,19,4,287,0.9652096385457352,9521.921767069212
479,6,68.04913613561712,52,3,142,0.42818393986717285,3476.531012392612
480,7,440.16417325510184,57,3,237,0.6320192084224364,4581.643117426815
481,14,310.40393385757704,45,6,25,0.7261112593446369,9383.310933370125
482,13,247.3769386353157,64,4,290,0.3669614070072005,4044.078705855564
483,8,376.3659471868114,56,6,67,0.14722707441051697,9224.886612896167
484,10,269.00102364111626,23,3,250,0.20658101622178082,9829.403760290192
485,9,443.04045713674725,26,4,118,0.31326647658061035,6956.296557169822
486,18,455.31583880506633,37,9,73,0.6360684203522257,8352.012605537515
487,2,239.77441709305495,18,5,282,0.3982805490890544,7745.910077989767
488,5,174.5725087557732,25,7,360,0.006814697900128119,7295.8083185397145
489,5,316.55764786701303,40,2,10,0.5234071850674719,3762.379656831093
490,6,460.5635055275109,20,5,211,0.9215133919074179,1513.8490411714934
491,19,144.79798505254996,21,9,323,0.812077611008679,4087.4655926768555
492,8,330.33496260356725,42,3,152,0.8252113712596311,7002.42386683516
493,16,334.20209904163426,64,9,5,0.7950580176061312,1922.7627840502123
494,13,379.90086008687643,55,6,195,0.32373082561042366,1107.2618468041787
495,1,109.20545830726691,32,4,283,0.765193833754392,2257.2313534264476
496,17,372.1212341069399,38,7,113,0.143161357811193,7441.623337697158
497,7,459.06463429953845,52,8,271,0.6577161472759535,9755.143314907995
498,13,130.85739899160887,63,6,163,0.6415685666849944,9847.582296533385
499,4,156.89449621574494,69,5,105,0.02556979908973467,5445.812342261691
500,4,487.1277923187378,31,6,181,0.7879701335909316,8824.170708931128
501,6,131.4396287192704,53,5,44,0.9032481050951305,7631.438101763537
502,19,434.4732920163106,29,8,282,0.26741527847210766,5509.362132861431
503,12,271.5250354016157,34,1,175,0.8123907241861509,6154.844796595781
504,7,161.25398348142966,56,7,162,0.0824059718619482,2235.0443195518396
505,10,441.8374555726301,26,2,351,0.599967858261066,9438.953145549329
506,19,250.38736475119947,52,9,340,0.48564686533427714,4167.367936585992
507,7,281.6678092683606,30,1,140,0.545923533309,5015.343308114526
508,3,211.65501622989456,32,6,132,0.9262052018843451,7044.942078981088
509,13,316.82788314571735,35,9,87,0.8713152472468535,4005.1222437389856
510,13,123.58574266326025,68,1,176,0.785083657239757,3288.332448900375
511,18,225.9866914932923,50,4,183,0.273698457678371,6679.4445394319855
512,8,486.2355450508794,23,4,129,0.9118186286860916,1224.856740536645
513,9,166.1600447155074,44,9,246,0.09750769246387525,7486.52600824011
514,7,345.5314990435815,40,5,89,0.8533292165587878,5626.210328888588
515,1,196.3355289011127,44,5,66,0.3281600723536078,6451.783574688409
516,3,398.06290655897027,51,6,158,0.053772311661983374,6686.921433221966
517,13,108.89314732325742,63,1,149,0.6693569842407483,5743.451408433073
518,17,486.41947028534514,55,1,340,0.23127992831595545,6242.803996966624
519,1,254.20529362263767,31,9,116,0.24357112586463192,7154.093808008871
520,6,156.22270850590877,53,3,214,0.3060471662287715,7778.069624617067
521,6,83.0735362985057,25,4,294,0.06368476750251673,7547.071521575084
522,12,126.39105728939333,52,1,253,0.17712714419825404,8826.548119590356
523,13,283.89827685020794,36,9,143,0.005139627585560302,2704.990898506625
524,13,201.65142939407883,47,8,250,0.4454095211057868,4610.331725426178
525,15,422.9975146471743,31,2,302,0.08425537741797129,9530.164594130114
526,16,243.89938564781266,37,8,25,0.682652605044199,4569.315169476968
527,11,161.92142266443346,66,7,277,0.23562285119164839,2123.830692153304
528,5,327.71524397181355,42,6,70,0.9435741440351771,5729.006137259616
529,4,368.0497475984506,57,1,113,0.8712516273986526,1985.4187529901594
530,3,125.16885855542743,41,7,363,0.28944089496820824,2825.6791485507865
531,19,125.42864732974294,31,7,112,0.7832154546566787,9984.86880913861
532,18,66.50214212009433,43,9,364,0.8032449046648062,5872.2637455651875
533,15,381.38090677953824,55,1,303,0.9865631141144104,3556.525501363861
534,9,348.7120374298123,40,2,91,0.597839986845685,9952.974591165155
535,17,263.58389408741624,39,9,18,0.08196573464366219,9699.03026699629
536,14,429.8767020361387,65,9,149,0.646837228926381,4966.651369758372
537,15,412.5515688275239,36,6,227,0.6249797483760352,3343.627979091176
538,1,313.40946397853844,63,6,214,0.6383505774204318,8545.59674282971
539,3,440.72207623096637,68,4,360,0.3071456481042115,7440.586452746072
540,16,142.62854451654573,20,4,151,0.8596795850803329,7182.472915031593
541,11,100.36382872897755,59,5,192,0.9594721829554119,9038.023671902254
542,12,171.38732518264533,36,3,40,0.21771251297815153,7204.754204841922
543,10,75.68908524019169,26,1,242,0.08815215813664445,3554.181487373942
544,16,289.0262876004644,45,1,138,0.19453503316848408,7244.76845688159
545,8,471.4725615327327,37,7,345,0.8205521392557188,3752.3216015529756
546,6,67.70459330082934,62,1,180,0.6766446348198475,7833.150816912956
547,12,104.94946130451206,24,1,200,0.6360473423391266,6577.730690424094
548,8,253.4895627275459,31,3,203,0.4017931351094245,1696.7039678627552
549,4,470.2437578875572,26,4,61,0.5778279715114357,5615.518261916279
550,8,192.27024723953772,36,4,192,0.3078741252743674,4089.7087227616685
551,18,278.25566390977656,64,2,5,0.4772000794179613,3957.135694590648
552,5,68.70778657267644,69,1,237,0.7930630283706559,6420.306721395315
553,9,116.75444043293999,31,3,181,0.9812415974554621,3900.923420224824
554,4,493.9835553314811,55,4,311,0.9324889235898018,7992.043733843854
555,17,484.3034133962205,53,3,37,0.9338659428462488,1637.12292410057
556,9,52.22299142048433,57,8,56,0.4022237348471124,6943.494271562429
557,1,478.3153034404575,34,1,237,0.46878988050679093,8282.75323291067
558,13,337.60397201697515,47,2,358,0.7056353963689815,7055.485209283871
559,16,440.56323253400996,26,7,349,0.9221919280512842,5475.062755179962
560,13,254.63293503523659,50,4,197,0.14199425935208465,9552.763123625631
561,14,282.01821286066263,69,8,73,0.30424186382719576,3699.446408182572
562,3,269.9809611156141,42,3,59,0.13924684459410952,1172.5109877248
563,6,350.08891589574694,31,6,240,0.6120085299594553,4887.904343170968
564,18,112.8430646403408,28,9,2,0.30630099688753754,1297.1074231029452
565,19,63.48811544270508,52,1,360,0.32610785251257346,9585.430772737678
566,5,188.56847371603592,58,1,188,0.07091595948797924,2889.2624117324635
567,15,367.106343231491,31,8,307,0.34979606180759193,8100.343215539915
568,2,140.83405345532677,47,3,30,0.8624965074015853,7971.148748569284
569,10,353.04459499621277,58,5,267,0.23307281189083495,2959.560097146402
570,18,486.4604207482717,21,1,108,0.6951874662100657,6591.038774321506
571,13,92.25532210523826,21,5,332,0.6296283449385927,1432.710716378052
572,5,352.6709532013068,45,6,90,0.8634846083691153,5352.171271334807
573,1,249.687598687057,25,8,205,0.13228794765103824,1131.8241454523807
574,1,440.66401446987743,19,3,220,0.9775899603450432,9290.294921627576
575,18,129.71740525132367,58,3,94,0.5826286460403656,9784.774217796145
576,15,361.68167850177406,63,9,103,0.9954741523468144,3000.5448997472677
577,17,427.1518803416496,39,4,223,0.9115147258658508,2872.9543113673553
578,11,475.07639876331046,58,4,186,0.2215172721131058,7783.481589059167
579,17,357.4616127303406,33,7,184,0.056162009903313104,3280.41458946401
580,13,273.7286438037923,46,2,162,0.25563909379536154,9055.689032456605
581,1,328.0312580905462,66,8,247,0.5275636489994199,6165.36222510684
582,2,441.0072430154232,65,6,31,0.17159636706519,4156.998607092809
583,9,306.77438598747335,47,3,52,0.1674597445179885,8494.243717144782
584,3,63.67417686357659,29,9,345,0.4625935471051531,5440.660303720557
585,1,468.92691297814,52,5,76,0.03326797116935842,9204.69622337628
586,16,360.2870379642025,28,8,278,0.12188808253227046,9352.12813056443
587,6,354.4310235997609,63,7,40,0.41586133940794756,2488.781369155684
588,17,147.0538185789727,67,8,101,0.06312990920796646,1020.9106551873724
589,5,346.49846160469576,38,7,111,0.39675505645552933,9855.37846128162
590,5,227.2389825443713,38,3,321,0.4740062659484451,9155.237825147315
591,6,343.05483966867143,22,2,249,0.4512666140731144,1499.0071213345727
592,3,97.96686363859583,65,7,191,0.8691748574030873,8497.308375469629
593,5,346.0303870713662,37,3,182,0.5300624550517324,5120.24439303286
594,5,499.73617659679996,54,3,335,0.46798046247804337,3330.654445224777
595,10,71.69541748725021,20,2,209,0.4107092453916662,8908.718713092368
596,10,489.72838289959276,61,4,22,0.8176233783044862,2770.0050915127654
597,19,233.10858232529176,50,8,166,0.8950566039998331,9525.699994780602
598,17,441.8390526517666,26,1,99,0.8532424691971175,2850.5933892940698
599,14,402.07346782622307,26,1,208,0.6735465781313908,6523.148689558691
600,9,305.1573174440005,21,5,8,0.13736174596867423,3007.777010760774
601,14,382.30214416309695,52,5,190,0.27686996949201226,5911.017984717712
602,1,445.3320025856066,34,1,175,0.046063063681977434,7155.776169236272
603,19,231.86314474296483,51,6,273,0.9308240749901141,2712.051377381238
604,13,197.16492270345742,41,1,17,0.6607985296909104,5687.972044306112
605,13,350.4170235036131,49,5,90,0.7463628843132415,5221.537699511071
606,4,413.53067387356634,18,9,141,0.31157173958222895,1639.3367926300712
607,1,393.0283106494771,25,5,145,0.8456535222773424,8364.770359077727
608,17,409.0161419863855,62,6,166,0.2596032837084785,4021.1416057855754
609,8,246.01249166581985,40,8,337,0.0016437571124496841,6171.239777966916
610,2,418.0253972787597,64,1,78,0.37641496252069395,5633.05811439821
611,8,104.09407491677379,57,2,262,0.5707614809590734,5619.34454113398
612,7,295.0200940823823,29,9,163,0.47870485796552253,1965.0015478763871
613,2,52.591397224154704,29,3,14,0.862076142576597,4811.338083243994
614,3,196.06362345512164,63,6,239,0.10540528595616694,5071.300832859131
615,18,214.90769069212905,64,5,72,0.5538234406337256,7602.7855632800365
616,12,228.27771122416493,32,2,143,0.5129793498209074,8560.169487286286
617,1,362.960243010438,58,7,310,0.281392982172163,5904.8405029001615
618,12,224.8511455716556,36,4,283,0.8222281125770106,1781.0465865849142
619,5,251.9121301801388,43,1,269,0.7528486558822063,3131.6452353689165
620,17,156.89485889344735,69,4,241,0.732859187331831,2484.4062416745796
621,16,217.96330623320304,46,6,245,0.876192478269556,2121.535568702123
622,15,152.27133226841818,39,7,163,0.7227846006215212,4293.093687560267
623,15,82.93816569579964,57,7,60,0.23184129171472645,3064.5415193894382
624,5,321.55186702162007,38,7,6,0.7055627116496911,2964.7280063036105
625,14,350.69575934975734,68,3,197,0.30770281338984384,1492.238571186409
626,2,328.77065570432654,55,6,58,0.24217465034747054,1159.0304031589048
627,11,258.57231971025755,37,8,305,0.07300359289962732,1924.9141838480361
628,19,220.90360108065343,46,4,217,0.7440285803476767,2549.7773148126976
629,7,438.50014230732137,68,8,26,0.7110009619498112,4878.853559633828
630,6,283.5868033112981,21,2,303,0.23449947767409374,5594.682351689602
631,2,265.63184493337894,24,9,5,0.749379016724156,2265.3272635602902
632,6,61.538929612896055,45,9,20,0.917840883093553,4823.050073717677
633,18,203.56152243177036,45,8,198,0.10802895749157926,4075.7395809333457
634,2,221.08802845363567,21,1,59,0.23263663838677495,2650.812791481604
635,18,229.47025140360523,39,2,242,0.7502607940873155,1061.566733335272
636,15,311.07756615229954,29,6,146,0.27450667350707825,5203.160798695675
637,19,290.1211460270953,62,5,273,0.6246639742837168,7170.865743386794
638,2,323.55729175705005,20,9,249,0.08116422446371452,3036.496007294263
639,6,394.1974676939577,39,5,14,0.4522024791035387,2186.261469070114
640,1,415.84358242224204,61,2,13,0.7390914219929531,8983.384700022656
641,15,373.1553843019225,19,4,44,0.6865139430432525,3475.22295239018
642,10,479.98566317972063,41,9,19,0.8150721006758068,3012.513578133983
643,19,58.204662204362734,51,1,63,0.8774521266031688,8713.872456489244
644,17,138.10009355759576,44,1,239,0.7731835012587582,8353.963892500851
645,5,53.40329374016395,58,7,337,0.671587742938926,5035.118234721703
646,4,341.3636213695714,18,3,100,0.03172249181603115,5403.14975284997
647,10,454.1137470274941,25,2,163,0.534966673409444,2959.738343506198
648,17,159.56703345933465,40,9,122,0.03769772491485279,1704.7150343160174
649,10,467.165545158338,55,3,44,0.8080678171160226,6160.88642820095
650,17,77.12032563030237,23,2,360,0.3207245244599576,1885.1042943119182
651,5,470.49621206248145,39,8,317,0.5624293741179209,5043.4709226098485
652,2,208.2302092578355,42,6,145,0.2794453073189026,9464.474786617096
653,6,95.63937280214743,35,6,327,0.7825001443802936,9575.50950253526
654,2,268.6422916338465,34,7,363,0.8865025266419025,3153.9905789262275
655,13,165.54945547422858,29,7,50,0.39864249421306397,6617.0207804108895
656,11,178.1928058828653,23,6,65,0.862922393510989,5266.686376970719
657,11,188.28048421682897,43,4,355,0.2670750074563324,8881.166148274953
658,16,411.36165402469857,44,9,288,0.5346609230755238,3442.877778484479
659,11,292.6225745038645,25,6,164,0.858761429838704,1033.3216614917517
660,19,190.08846462020165,36,4,141,0.3258813426157904,2463.050853382736
661,15,324.6502024899133,59,3,314,0.9540422650780858,4145.705210524582
662,16,372.2678034004371,18,4,128,0.12187950178138363,3841.4901679343975
663,11,172.6808003300902,46,3,239,0.018275069723506232,8122.266272105973
664,16,236.09709568640818,62,2,324,0.9041353525781907,7125.04599524954
665,8,104.84874200162639,66,5,296,0.06864866614787224,3696.006876534075
666,4,131.51720729060614,52,2,187,0.9918891959474917,5119.69435449592
667,8,356.5030342842423,57,6,208,0.9513968619791061,1860.031935625017
668,4,131.64725646303214,31,3,220,0.13702091003632066,9083.318003380908
669,3,286.3235226501771,52,6,190,0.5375846256925658,9418.823420036808
670,3,369.0708177750947,65,9,346,0.18492029746714433,9818.231818428443
671,18,98.09461539263472,62,1,284,0.42815517303011985,8816.97547707254
672,19,305.2904988330066,37,6,352,0.06142512925983268,2565.64798926603
673,19,165.4532526656137,66,9,237,0.22392458779658952,1415.7683488146595
674,5,483.3170938569109,30,4,194,0.36327279639889953,6216.370546714066
675,18,267.5955410239661,55,2,287,0.4386475002460548,9213.445241947993
676,10,412.69664739882114,66,4,259,0.9774962582088932,2596.1622549376857
677,6,297.6019439703178,63,1,246,0.8078656456839812,1063.3862316172767
678,1,69.53563978466863,66,3,136,0.7374099443119462,8249.4644142902
679,5,334.91811901731006,25,9,280,0.5370413147419743,1691.1611585806058
680,9,478.13150399299565,60,5,271,0.8399977606043434,4723.354287190274
681,12,320.725319065849,37,6,171,0.3393228356557111,7109.986034699065
682,14,418.6349867420556,50,3,159,0.7088991127733161,3131.178269105621
683,2,447.8929085067835,43,5,201,0.9937839753781721,1755.6630710205404
684,17,152.6358973770196,56,8,45,0.3146289089351988,7930.191056102458
685,14,145.42017795870197,38,6,264,0.6740175348839673,6671.575763983373
686,13,324.9414449829463,66,4,71,0.8443148641523824,9896.414360381243
687,9,234.9628114130171,59,2,364,0.9158075833506722,4098.7722998796335
688,15,427.93758629002417,60,9,103,0.7179326909401018,1555.8614766117973
689,15,455.010405529105,58,1,125,0.28360792341713625,7609.150318017661
690,11,209.03962068622315,26,1,313,0.32628215156894647,5695.600769679211
691,16,156.59175153851692,41,4,286,0.02075803212396421,2918.835382502216
692,17,401.2364818597378,54,7,230,0.7608859776715097,8035.560901042834
693,4,173.66271599666123,66,1,146,0.042739606061951374,2833.7993726494938
694,1,420.17644333115527,58,9,197,0.8646523546027457,3345.954893496429
695,8,240.68221414194326,34,4,221,0.1186606144745388,1832.7569893004722
696,17,350.3974546811617,41,3,60,0.17187651213592425,4594.89051127769
697,3,92.99089122560068,38,1,98,0.4765264708322373,4770.363015436771
698,15,330.73669610445785,68,4,171,0.7378804151687424,5631.056113134686
699,15,253.2954554317531,56,9,173,0.1390022051990777,7380.678404113997
700,14,313.97380842896337,58,6,151,0.44007107506649845,9154.908358123832
701,14,125.60639348518853,56,6,350,0.4828512744101048,2239.6068899902775
702,2,381.59318522488195,30,1,122,0.21228564166859132,1489.1328851379135
703,13,438.25868489445287,28,2,108,0.11555837668063174,1166.7811023489996
704,14,147.53291004084906,63,6,4,0.8364209229856395,2292.592402619346
705,19,93.07154998407277,36,2,93,0.5024656497627655,6921.545372034633
706,7,60.63736372085138,28,3,6,0.014381235984152974,7547.29370196847
707,3,338.8871751994697,30,4,288,0.8029813013091038,8078.551421753099
708,15,323.19231623995137,63,5,106,0.9807938054145848,3193.373907139084
709,14,296.0138357213315,62,9,146,0.6059261954142473,3753.053319353679
710,11,154.37619325218895,18,4,271,0.5037083870840707,5348.211810089495
711,15,225.9076981574816,57,9,96,0.8784158630449617,1568.6478717420384
712,13,317.5143508337779,61,3,229,0.9525167896845986,6500.273708901215
713,18,273.54508648662625,36,8,202,0.7545369159024605,9853.61530308182
714,6,494.5034840966993,29,1,212,0.44545292973428785,4247.256802402023
715,3,111.39788865052991,25,9,6,0.5922213993314405,7775.627275822456
716,19,362.8150493214172,25,9,112,0.7009353650179992,5500.305240126471
717,15,231.94344564693145,62,2,323,0.19427357100180143,2150.306599243445
718,5,242.68982671652665,29,4,106,0.44720103221643803,6240.137039223277
719,10,372.9189945461793,65,8,139,0.829821264717285,3698.8684159965846
720,7,361.59626809596637,50,7,299,0.654725348498443,1309.628876081124
721,17,496.0651971659847,62,1,96,0.4112040672118541,6714.3675710596945
722,7,107.77743025435635,43,5,337,0.6633625340146814,8730.391143922549
723,12,96.84934222287485,56,7,297,0.11822241207245987,4102.927902098867
724,17,375.9524677079335,45,4,214,0.4014976105648763,4512.659924914935
725,13,310.27411265288407,22,1,291,0.7931285379630564,9019.195146704904
726,4,173.37229995191262,25,9,22,0.220508787136648,8322.479320306204
727,10,85.73871604504397,42,5,193,0.1859615075574177,7434.575411965994
728,3,88.54621231839374,44,2,150,0.9508186599164314,3239.173573778331
729,9,452.3858935988532,63,8,247,0.2098976295862307,9191.9498946998
730,13,136.3402961234343,40,2,267,0.26091857965016807,2389.741817852917
731,18,195.51720295198433,47,3,251,0.969615938904338,6640.934674754996
732,15,151.9953810021446,62,1,3,0.7347085702650257,1259.2106249186684
733,4,209.7483376243718,64,2,316,0.6995965330235282,6793.478256924513
734,15,81.24072923574201,40,7,76,0.8529263838545813,3494.2991668602385
735,2,283.57690590872164,66,2,87,0.11582308223679427,5047.09279465348
736,15,80.4256536164967,64,6,270,0.7059562365800072,4107.380968513478
737,8,410.1604285200627,37,3,225,0.5036886093282389,2554.810806215889
738,8,155.17043685969486,35,4,18,0.8291506402841399,6597.827110844867
739,17,293.00536157202976,35,8,113,0.5081417186651943,8937.779996265468
740,12,446.0355894026562,19,3,251,0.6202413542689121,9631.75818054163
741,19,342.89481607123736,21,6,233,0.47774212639953595,2731.1172683852355
742,10,289.8310039481009,47,1,329,0.4781589235558441,7456.354966566761
743,9,195.95018890191903,50,7,279,0.7679699780618315,6979.054299451141
744,5,199.85086087618907,53,8,202,0.6285664006472832,4090.400106171153
745,6,351.26912983918555,35,8,83,0.6332632016094104,1171.8927941835325
746,2,497.3627125495254,54,3,125,0.4502824838315258,7208.121225815795
747,13,347.8276354322204,36,1,175,0.5311094963375276,9509.453745035502
748,6,301.0025378165112,64,9,69,0.7457176662047873,6689.081097240863
749,5,378.79272960766076,45,6,47,0.8259409191119182,4917.634517688706
750,1,259.34252552767316,57,9,256,0.6965614021440462,5726.3850470046555
751,6,77.06405417035334,37,7,215,0.9240729888456831,2796.659268939258
752,6,303.0335671450594,66,1,30,0.8203240881472009,7754.897473783638
753,16,480.9313780274211,50,1,281,0.5618637898095185,7717.778470088641
754,4,128.88632406094683,29,6,237,0.6714060726437369,2309.6557034868247
755,11,360.5022008692996,68,5,248,0.926308276921196,8901.80544249693
756,9,140.4201598965754,32,9,25,0.6191680442430584,3422.7076552597473
757,3,291.12245801288657,58,2,74,0.8248069479798307,9840.304548429534
758,19,93.50440234102382,56,8,206,0.6888105035899871,4446.127126335212
759,8,252.6669213161833,19,5,314,0.5519363610604665,2600.9565286104967
760,5,390.2734980028607,46,2,94,0.24183819541535312,4165.481002110871
761,4,206.40718590754193,58,6,127,0.4259975194684281,4961.622958274738
762,6,349.2102760192481,27,8,25,0.9677428248337157,1623.7699573446534
763,2,407.95248235537815,19,4,334,0.6577653832726,6203.965431009606
764,11,467.2300187657537,68,2,355,0.5643953803389896,6378.6919588201035
765,4,155.5889368349541,28,5,116,0.9329566255282273,7650.37409814525
766,15,229.69216211418868,30,2,48,0.5865117810374487,1262.5290306166896
767,6,118.58720599868785,27,2,226,0.526082518417403,5871.143929904471
768,17,496.6175759712688,31,6,266,0.7593108551502052,1476.1668994359795
769,6,467.15043556593287,35,9,99,0.7126656189865445,7310.297979699881
770,19,292.98070862625184,68,4,11,0.19316000840843273,1501.5518713088602
771,2,428.9149824693896,26,6,85,0.47130827457412117,9205.550635074695
772,15,284.431089772419,56,7,214,0.47251544281958524,7318.743101960469
773,11,330.6135596012419,45,6,173,0.37822451524334477,5566.507885766414
774,8,90.10599445220748,20,8,209,0.5172934821522531,4973.5353095305745
775,19,389.8716892235636,37,4,64,0.4131073977271442,2176.0536737193615
776,13,107.47106763585566,23,1,258,0.19934548947118313,3618.9945060819678
777,12,421.7304336136378,44,7,332,0.41236648727468106,8820.631945188066
778,5,401.91263945167367,19,3,121,0.0722769475731766,9140.075304062444
779,6,368.9351139843394,46,6,298,0.5757858627744116,1006.7293753347795
780,4,66.27217123614295,55,2,54,0.8536545489411119,6347.227523297961
781,19,186.40776017539787,20,9,331,0.7252870843545552,7473.705481226022
782,1,168.4006564598793,33,1,272,0.36039404005411124,6568.722842118456
783,17,212.0613833621836,47,6,241,0.08707120557730819,1735.1178837971856
784,12,89.43923604372733,57,6,243,0.20214939922527075,2959.5240891901203
785,15,471.6310203639783,19,5,18,0.5454903404948357,3253.0624064324743
786,1,299.21100832056936,34,5,187,0.20705708338303286,8485.521681745806
787,14,187.48593979611059,58,1,346,0.5439731112849675,5168.794926780284
788,6,228.64168268342755,29,5,144,0.23159902476389893,5381.453907471131
789,5,251.24114322717605,52,2,262,0.8489238694760728,9414.037418990578
790,11,320.2674500122778,60,7,364,0.3972714728404597,6733.77299969244
791,4,282.055742463424,18,3,239,0.24555062594449106,9088.009313973975
792,13,463.7263879464878,62,4,304,0.8123261802470616,5108.579698073797
793,11,273.6335673076236,32,3,298,0.34283896480545073,2344.926326664648
794,3,496.4711066704907,43,3,76,0.11148768783878193,9369.420346666771
795,1,433.1412309852931,54,4,188,0.5704094914036416,5128.346041007844
796,6,143.8297314608011,38,5,333,0.5815642044379887,2634.6827969093965
797,18,468.7678465897623,66,1,246,0.7146956752357342,3721.5616627353
798,10,102.36487904846425,48,4,130,0.24021943320838557,1457.2233072004801
799,5,417.85236882103624,42,8,315,0.4437713390922451,5214.705323107466
800,10,221.28048206446104,40,7,283,0.28236791904265623,8678.15354719213
801,12,445.0884442002813,41,9,79,0.08095373611568812,9402.224104060204
802,2,440.6255105483527,55,5,72,0.8766138270158916,9393.419867532793
803,13,412.6664300529295,45,4,263,0.7288698044883412,2127.070230658721
804,8,405.5136963381776,38,8,191,0.3014630594588007,4438.484942599513
805,2,187.10561259411836,60,9,63,0.5993729928719863,1254.0588368563574
806,1,86.41367737306348,35,7,12,0.20126378813447243,8696.488104743255
807,5,231.34108044432264,53,7,141,0.8902366217957709,4228.801858191464
808,9,128.0860317439289,52,5,254,0.1149063433619103,6680.053251030113
809,17,362.72799000610775,62,4,43,0.0038371455078008987,7434.085942695598
810,9,205.7448769420035,26,1,17,0.5020081977391821,4868.602027688398
811,11,489.0245903869617,55,7,63,0.5831278234528693,3757.981028952187
812,15,338.4374348053994,47,1,253,0.5789653202958044,9659.916191043501
813,6,420.11625363546244,61,1,292,0.05451192743782629,9680.394025214688
814,3,109.63610273383179,51,5,8,0.3140438069184325,3604.9273122701975
815,17,437.90651702268013,49,9,325,0.4991989468413318,5316.6258707001225
816,5,465.2407357310274,20,6,90,0.21657918562724088,9755.597427940202
817,12,269.1778634685212,20,3,208,0.8726258854858964,1043.815668899529
818,18,322.81382198793983,45,3,292,0.08710928946143404,4714.104235412344
819,14,394.16441040634794,61,7,284,0.48738444167204287,1904.117947128716
820,11,128.67738226718564,32,6,118,0.691416057513152,5582.421690063424
821,9,276.1547344085491,58,9,349,0.26175110013448244,1222.0295908643843
822,2,229.3983624975409,40,6,175,0.6242407369975181,4662.08588251565
823,12,115.8682964730121,57,5,76,0.8293851501423746,2986.2916730680163
824,3,215.39049003118916,28,7,101,0.19033697509504754,5799.775262128667
825,3,80.67753922347211,65,1,151,0.9172205918248628,9963.942841906297
826,1,61.61535812726915,49,7,270,0.553558532662358,8204.824946140729
827,8,110.82483011967025,53,3,71,0.29923200430106056,8610.778824619792
828,8,483.4018002151282,50,9,180,0.43085827538227073,6717.384886231728
829,11,297.28829115275767,41,6,124,0.31219188378638796,1374.038634450327
830,9,484.619972518949,56,9,293,0.7251111599333161,2861.179084397297
831,5,244.62404524855938,51,5,285,0.7963006634151322,9325.581008023495
832,14,190.3172598883668,45,7,195,0.832937392318661,4295.018061358761
833,3,277.7638382781098,54,4,228,0.9857682495857412,1932.7305383271603
834,5,247.78025988480957,24,7,275,0.7912842924966835,7321.648292795818
835,5,97.54910791778477,21,1,106,0.6013840706885634,3695.1195154082916
836,19,338.3718416105928,54,7,21,0.3392202983917838,3419.712216137545
837,14,147.21718212931984,18,8,64,0.5445954487107494,9981.797100024343
838,4,328.8145797040233,18,5,165,0.04106817279040542,8723.25032523989
839,13,342.590491579169,64,2,27,0.7448250755299131,4671.440365310569
840,10,118.41118390789165,37,5,311,0.4459555450921018,9822.350870348491
841,18,77.60733219980068,36,6,285,0.02002322973218762,6851.019010772922
842,8,401.3427137307979,46,2,148,0.06250694151041081,7678.202066917842
843,8,256.9101906961941,27,6,281,0.38746646382175665,1283.6173877399042
844,7,76.1737079774641,35,6,326,0.5834215190184351,2094.447334132514
845,8,497.6898427263952,45,1,319,0.4642039489521267,6697.766138466145
846,14,76.001252448365,52,1,164,0.6192043172921549,9091.215843845355
847,19,362.76585298634893,60,3,224,0.4802942587913558,6613.693534788361
848,6,492.6555163685361,64,3,272,0.6617038454813468,2206.224048870926
849,1,157.63104689716653,48,4,146,0.21912606467080087,2041.8404162169218
850,15,114.01221590923828,44,2,356,0.11284318718362141,8597.673062416736
851,1,104.62322274009301,28,9,30,0.59643395462566,2253.721048371229
852,17,186.473816405418,66,7,45,0.48468951693630746,5682.087644536229
853,1,95.47061495479102,66,7,275,0.026867654044935296,1334.0198796607206
854,15,361.47260376235937,55,6,34,0.38048188549303585,1726.0279065205964
855,2,78.03130915852822,22,3,141,0.10612558549099549,7051.134408785783
856,14,279.2399576674054,25,6,318,0.5313568317526952,7202.63269384765
857,8,498.51358423383954,51,8,221,0.39577767966043076,4073.2246594759813
858,8,416.2866212777085,65,8,356,0.6131519111030179,2940.4878871874025
859,19,326.8487472039549,69,9,22,0.8056022187702383,8323.392436815771
860,7,187.81412935397526,29,1,180,0.2996686838414908,2953.9290652290133
861,19,330.7531263312373,55,1,329,0.9621021041650275,5878.243626997417
862,6,287.16865876024326,18,3,231,0.5356345005875744,9713.87956776615
863,6,241.73752275066715,48,3,38,0.618290798754788,2330.6719407614537
864,3,108.81966953308977,21,8,70,0.680672373225737,9467.886407452379
865,7,448.97189685821,66,1,116,0.6667315298575898,2646.037477618018
866,19,252.40309196959512,62,2,239,0.5109707430450621,6106.988872209066
867,8,137.58013031934428,67,2,335,0.4287642911146835,4393.069407628702
868,10,215.49170789478032,22,3,148,0.053781964177377906,9684.357413516433
869,15,236.35838863801717,47,6,9,0.02208584530117974,3461.878261017432
870,15,422.39205300509343,41,1,288,0.35796119453276465,4596.922018771783
871,1,380.1264712526309,20,2,50,0.33366089063369264,9845.741060698785
872,7,396.1872021386029,28,1,338,0.38769515483900674,5828.233520696259
873,4,54.96406899289124,62,5,5,0.13836820088819002,5523.671040591282
874,6,237.2692991808927,21,7,343,0.7381682705368436,3320.0063938359217
875,1,266.60486823589565,43,8,126,0.856964414776239,7312.272042793973
876,5,58.63652457037551,44,1,75,0.938714635374035,1129.3565659999988
877,1,166.9159439352654,63,7,165,0.49236230351962584,1445.6136673206418
878,4,392.1304204049608,60,5,278,0.7008656991254286,6394.227284222225
879,2,111.69936757804957,44,1,324,0.8555511234358725,4075.071164366087
880,10,290.88955915366626,59,3,300,0.41829111109348593,9579.847349808644
881,5,146.8408424077569,68,7,290,0.3094127948704444,9128.716216505072
882,10,55.45434858975197,67,1,77,0.9367245558534901,7423.356328090365
883,1,158.54065591979366,23,7,298,0.5156765510770731,8363.310230150211
884,6,489.1431897095242,32,5,137,0.497253886590878,7005.98664700924
885,13,410.6917003473453,47,1,106,0.17841609656349577,2130.238924391446
886,15,481.80948994446504,59,1,95,0.10815501457335674,7889.890327202824
887,4,269.53431976686306,54,1,135,0.8421068624835116,2891.7277184696177
888,13,99.38128940487658,54,9,68,0.6141331761875181,3910.985695901771
889,15,296.58177003816184,59,3,147,0.3258245840194487,8373.107908921782
890,8,254.4698005519824,54,5,159,0.19173621739026647,5828.730475541034
891,5,429.9606872328272,52,9,163,0.5554972801696314,8739.466427650683
892,15,94.13716135291006,40,6,341,0.5839192892611353,2917.317878589378
893,4,269.7085116598002,23,9,189,0.20699360124505817,6470.005947461985
894,12,117.52189911229291,21,8,339,0.8514057478914739,1754.1187529343547
895,13,196.10416710052698,35,8,95,0.08426436615585109,6787.5489418602665
896,2,381.81068482450985,26,1,181,0.3560930851664217,7862.806339979813
897,19,264.20815821594493,66,9,288,0.6803844137625221,6264.378045808495
898,19,219.1497283155962,46,6,322,0.2741203638192007,3396.0835134892923
899,4,227.51432535651588,30,9,187,0.8276751947812718,1282.0840197298005
900,4,256.75104578269395,64,3,138,0.7398678266004035,2075.039955678572
901,11,403.2574447266756,69,3,130,0.7890228445481342,6600.726811666236
902,5,451.4381100231055,34,6,194,0.11910653587671627,9409.781951582623
903,11,479.90060892676775,62,9,316,0.14054712799554292,2858.8096357480576
904,10,404.1065238148828,49,7,273,0.2864737377445836,7615.235341945889
905,8,191.93310308660574,65,3,352,0.5180771651975611,8798.059569241374
906,6,359.660617738944,39,3,144,0.7480160766994024,5687.939606027599
907,6,246.92140582492635,21,2,16,0.8365308907609035,7023.39216259292
908,8,164.60177992072303,22,9,302,0.7043353159571805,8335.137850085333
909,15,428.39221074166517,54,3,245,0.9285968815306384,3346.076419665342
910,14,67.29185703304626,58,5,107,0.7387435096159303,3672.0610684123867
911,11,455.7928964609406,66,9,88,0.3062678870046147,1005.6476496561055
912,12,257.6648590811304,30,8,129,0.2650812843385726,9667.847178080223
913,13,336.74066456372617,51,2,341,0.6961924503010899,9257.904051367103
914,8,346.70926499260224,62,3,4,0.19287056868961427,7881.114373834873
915,18,452.80298331794137,39,2,327,0.09271481081026989,1711.6841887898331
916,1,336.5013569752433,40,8,306,0.5322228748561939,5027.526007295573
917,15,326.2701131420278,68,6,95,0.8216415697789553,1917.0257857439753
918,8,79.99341825231048,20,6,209,0.10137984246986353,1143.2824053651875
919,11,283.2836098753418,59,9,225,0.7918913237957292,6545.646686913376
920,12,117.57605036766874,51,8,348,0.8115720043515481,9647.464753721695
921,12,381.84519592466853,49,4,321,0.48227400008154353,9125.812210889351
922,4,280.4998643657035,62,4,47,0.05731031001048681,7270.7933344186395
923,16,356.102500643759,68,9,181,0.1745898512471864,1869.7652574838428
924,4,68.75280527107292,66,1,106,0.7074262751619323,3467.476339050701
925,5,88.15640722061144,38,2,199,0.7117779449909495,3880.510541967619
926,5,372.345524628207,63,2,106,0.8983552751676653,7868.350519710051
927,8,82.43795119940302,61,6,280,0.5826861465545828,8220.242613116026
928,10,82.06552749436636,38,4,260,0.1241073677137774,4465.955106909283
929,17,55.448813855699356,61,3,108,0.12141490550497214,4760.955969558487
930,9,480.42562923476606,28,3,19,0.7211323573568237,1400.581353485542
931,19,381.8787617565531,56,3,296,0.18378466510790115,3602.2304657688487
932,14,208.96313382592888,21,6,306,0.32838549961660535,5061.566594598759
933,8,183.44101157944485,68,8,171,0.4872120069219139,2052.8474174673183
934,9,207.3664533856323,18,7,331,0.0247648775761512,5079.407146795193
935,11,398.59408903153184,45,4,195,0.24881902701993186,8678.582310320204
936,1,347.6167749816865,41,4,12,0.40788960850728007,6231.88917752548
937,14,133.33800554036057,52,2,195,0.27963631849320625,1710.3686953457109
938,5,128.34920090033796,30,1,283,0.13637032746756583,2725.041869472469
939,14,94.27804237102879,64,9,182,0.7280122577961974,5270.8991514270065
940,4,347.1362238656022,51,2,305,0.8131476551679849,4253.384348396308
941,1,393.9676979997812,28,8,144,0.25747897614372484,4228.543175914889
942,19,169.27089274625183,53,9,316,0.7744194946063033,5763.407033292311
943,8,59.42523246391077,68,4,182,0.38555356440131383,6259.563294305117
944,15,86.9772503643923,34,8,30,0.5066857908540028,8171.75413248572
945,15,485.5370156802637,52,9,84,0.8560010748931528,4068.699071162362
946,9,182.95014986483912,35,5,166,0.7499536818024078,8249.196547365282
947,9,396.15041652716013,57,7,284,0.8051168513161777,4047.5010620136927
948,10,331.0986059844187,39,4,281,0.13684516658635681,1498.8969004711043
949,9,221.87283784380315,41,1,96,0.06971942583372948,5987.688859043121
950,3,142.55926798799982,36,3,266,0.8934047290879871,6291.120924053331
951,11,104.62388817173289,54,5,298,0.38783426957109435,9410.86221059674
952,6,326.75583561749,56,3,296,0.28787967806968084,7534.55193456227
953,2,398.58520128700457,38,7,225,0.7246962542618245,9259.953872449956
954,7,339.7569140935088,25,9,333,0.8364155965798566,9175.124892187087
955,18,288.6359599621212,45,6,361,0.8624896218983009,6441.16699232418
956,2,68.87805054423632,22,1,42,0.31599714112522737,5749.858588028028
957,17,485.8199499174727,34,7,303,0.852212391201674,6016.9687044724
958,11,409.42138624455856,54,3,246,0.04093394437434539,9804.97726909523
959,12,181.76991651543412,53,5,208,0.049661491459718876,7958.50922572263
960,19,490.9866482114828,36,4,237,0.6235191951741544,1956.3931431315625
961,7,320.84671533634497,44,5,22,0.06310636911554623,8005.8556610325995
962,6,312.0901961932609,51,5,185,0.3246091685101615,2534.842440084033
963,1,386.6329307432894,28,6,242,0.672755986246924,5026.15494105063
964,17,415.2964046405619,62,6,363,0.33726689605422633,2894.1370495888086
965,11,345.41537329917617,64,8,283,0.17959978144009592,7206.247589799068
966,18,107.64308586479001,29,8,41,0.28135062185384163,8895.787625737321
967,17,202.22037769752427,38,9,336,0.4575753322504318,3613.2569683001284
968,7,467.6376381467224,28,8,162,0.4753858553554824,1738.0966708736887
969,17,151.07702532973337,56,2,160,0.783000231347202,3686.4378826746693
970,9,217.475160726881,45,1,89,0.7501532294315125,7051.256721389749
971,17,244.4345973248882,22,2,322,0.4568178045561352,3958.8411479900496
972,8,247.73224536250348,34,2,12,0.8456673490987714,3503.009507984231
973,17,325.8228121225365,37,3,73,0.11423713859139584,2659.9167152583846
974,7,474.3841269851184,58,7,76,0.2553533502289015,5477.647841869902
975,1,158.31172032462723,63,2,346,0.8279764635022515,3483.539453414688
976,13,104.67561933541313,29,1,201,0.3779940386261531,7579.0931422553485
977,19,138.86172043697178,23,6,10,0.9811815587938422,1689.6016179298244
978,19,449.1162050941713,34,9,352,0.4662532815278354,6976.297298001858
979,17,340.6148656948427,68,3,226,0.7919356229637641,3138.040131109929
980,13,178.65805515762207,36,6,176,0.40230704138237194,5403.513349464428
981,16,417.17612253587777,43,3,276,0.4249535190624304,3574.8092982813455
982,8,437.6164983635462,65,1,39,0.3828831472841835,7504.91808409716
983,19,430.9314524106251,61,5,60,0.7190756205108118,9507.76336226473
984,18,463.5169401377995,61,4,66,0.5475178840599945,9253.69101522832
985,1,163.50845907801272,69,7,321,0.9437781113683691,6250.835936296819
986,14,389.76886793582526,49,6,124,0.25089031653410476,5163.492729312806
987,19,257.242773773363,23,7,164,0.10056273208344435,8364.704584954437
988,15,428.8993488005277,53,5,159,0.3932614850992152,7149.937263649569
989,18,377.82080472272594,55,4,57,0.616712707646776,2652.077027952396
990,2,399.4013509248761,28,7,78,0.860798936915495,8388.272922517002
991,17,345.27282695648216,50,7,194,0.34619688668032766,4859.959504552391
992,18,129.8429462613681,41,6,285,0.6537867511244616,2700.870939740576
993,6,295.26211350362223,40,8,15,0.35019868102321905,3536.1761535684323
994,19,493.1013827860287,32,4,12,0.6172195829944581,3407.743272235081
995,4,471.8246299237035,44,5,101,0.8848079470306509,5672.862771431141
996,1,69.42818110865525,28,4,156,0.23135764225940902,3109.3308161008795
997,8,124.1666670782467,68,1,340,0.40424164210703917,2112.0983866141855
998,7,109.27794805455287,67,8,125,0.9932651964297465,2113.2176555238466
999,3,376.690959493383,34,1,359,0.8685570282494608,6249.48577425187
1000,10,418.0033984356253,68,5,280,0.564639857896202,7612.8335996444075
